id,reviewer_name,score,review,c_datetime,b_date
62585,이자연,8,그리스신화는 놀런을 만나길 오랫동안 기다려왔구나,2026-08-14 10:48:29,2026-08-14
62585,송경원,8,늘 해오던 걸 가장 잘 할 수 있는 방식으로,2026-08-14 10:48:29,2026-08-14
62585,조현나,7,죽음과 죄책감을 등에 업은 영웅의 서사,2026-08-14 10:48:29,2026-08-14
62585,정재현,7,좋으나 싫으나 미우나 고우나 크리스토퍼 놀런의 여름 블록버스터,2026-08-14 10:48:29,2026-08-14
62585,이우빈,6,"원전과 어긋나는 놀런의 속도, 이 어긋남을 적절히 조율하려는 음악",2026-08-14 10:48:29,2026-08-14
62585,박평식,7,야심가다운 변용과 뚝심의 산문시,2026-08-14 10:48:29,2026-08-14
62585,최선,9,거대한 함선을 타고 신화와 영화 사이를 전속으로 항해하다,2026-08-14 10:48:29,2026-08-14
62585,이주현,9,"놀런, 인간의 탈을 쓴 영화의 신",2026-08-14 10:48:29,2026-08-14
62585,이용철,8,"어마어마한 게 꼭 좋은 건 아니지만 적어도, 어설프게 어마어마한 것들을 가려내는 역할은 한다",2026-08-14 10:48:29,2026-08-14
62585,유선아,7,VFX와 핍진성 사이에서 펼쳐진 신화적 풍경,2026-08-14 10:48:29,2026-08-14
62585,오진우,7,"귀환이라는 테마의 원형, <오디세이아>의 <오펜하이머>적 각색",2026-08-14 10:48:29,2026-08-14
63091,송경원,7,하이틴의 겉옷을 벗고 근본으로 돌아간 성장,2026-08-14 10:48:30,2026-08-14
63091,정재현,7,큰 힘과 큰 책임이 서로를 따르지 못할 때에도 당신이 히어로라면,2026-08-14 10:48:30,2026-08-14
63091,이자연,7,도파민형 영웅이 가득한 세상에서 ‘선함’을 지켜낸 ‘강한’ 히어로,2026-08-14 10:48:30,2026-08-14
63091,이우빈,7,역시 스파이더맨은 고통받을수록 강하고 재밌다,2026-08-14 10:48:30,2026-08-14
63091,박평식,7,캐릭터도 캐스트도 발맞춰 잘 자랐구나,2026-08-14 10:48:30,2026-08-14
63091,이주현,9,역대 가장 성숙한 스파이더맨의 탄생,2026-08-14 10:48:30,2026-08-14
63091,이용철,7,"쑥 성장한 캐릭터, 따뜻하게 감싸는 드라마",2026-08-14 10:48:30,2026-08-14
63091,유선아,7,샘 레이미의 유산마저 물려받아 진화한 멜로드라마와 역동의 좋은 균형,2026-08-14 10:48:30,2026-08-14
63091,김현수,8,아마도 마블의 새로운 미래,2026-08-14 10:48:30,2026-08-14
63075,이자연,7,"시네마 키드는 어떻게 육성되는가, 이 영화를 보고 자랄 어린이들에게",2026-08-14 10:48:31,2026-08-14
62480,이우빈,8,후진 없는 희망의 트럭,2026-08-14 10:48:33,2026-08-14
62480,김소미,7,쾌감의 짝인 공허까지도 납득시킨다,2026-08-14 10:48:33,2026-08-14
62480,박평식,6,"끌렸다, 즐겼다, 낚였다",2026-08-14 10:48:33,2026-08-14
62480,유선아,7,"순식간에 펼쳐지는 아수라, 서스펜스, 페이소스",2026-08-14 10:48:33,2026-08-14
62480,이용철,5,Grosse Fatigue: 하루가 참 길다,2026-08-14 10:48:33,2026-08-14
62480,오진우,8,"공백을 만들고, 응시하고, 추격한다 계속!",2026-08-14 10:48:33,2026-08-14
63245,송경원,6,추리를 접고 직진하여 원점 회귀,2026-08-14 10:48:34,2026-08-14
63245,이자연,7,"나도 따라 덜컹거리는 곡선의 박진감. 롤러코스터를 탄 것 같지 않아, 소년?",2026-08-14 10:48:34,2026-08-14
63245,박평식,5,스피드에 깔린 미스터리,2026-08-14 10:48:34,2026-08-14
63240,박평식,5,유람선 액션에 나룻배 유머,2026-08-14 10:48:35,2026-08-14
63240,유선아,4,조급함과 미숙함에 갇힌 전개와 유머,2026-08-14 10:48:35,2026-08-14
63240,최선,6,커지고 빨라진 만큼 진전이 보이는 후속편,2026-08-14 10:48:35,2026-08-14
63282,송경원,7,‘무엇을 찍었나’로 시작되는 고통. ‘어디서 끊을까’로 확장되는 고뇌,2026-08-14 10:48:36,2026-08-14
63282,남선우,6,미해결 과제는 어떻게 영화가 되는가,2026-08-14 10:48:36,2026-08-14
63282,이용철,6,쓰라린 쇠락과 비극적 미스터리의 기록,2026-08-14 10:48:36,2026-08-14
63282,이다혜,7,할 수 있는 유일한 일이 기록이었던 삶에 대하여,2026-08-14 10:48:36,2026-08-14
63032,최선,6,직업 체험도 좋지만 역시 본업 할 때가 최고,2026-08-14 10:48:37,2026-08-14
63032,이용철,7,"천사들의 도시로 간 헨리 제임스, 이야기 대신 영화사를 쓰다",2026-08-14 10:48:37,2026-08-14
63108,최선,5,검 대신 악기를 드는 성경 뮤지컬,2026-08-14 10:48:38,2026-08-14
62799,조현나,7,그 무한한 애정을 어찌 사랑하지 않을 수 있을까,2026-08-14 10:48:39,2026-08-14
62799,정재현,6,"뭉클하고 눈물겨우나 이젠 ‘레거시 답습, 저 너머로!’를 외쳐야",2026-08-14 10:48:40,2026-08-14
62799,이자연,8,"어쩜 나만 이토록 사랑해주니, 이 멸망의 세상에서",2026-08-14 10:48:40,2026-08-14
62799,이우빈,7,"환상적인 기병대, 비행 시퀀스만으로도 만족!",2026-08-14 10:48:40,2026-08-14
62799,박평식,6,훈계도 걱정도 잔소리도 살갑네,2026-08-14 10:48:40,2026-08-14
62799,이용철,7,시대를 호명하며 함께 조화롭게,2026-08-14 10:48:40,2026-08-14
